{
  "burgers": {
    "bun": [
      {
        "cost": 0,
        "id": "white",
        "name": "White"
      },
      {
        "cost": 0,
        "id": "wheat",
        "name": "Wheat"
      },
      {
        "cost": 0.5,
        "id": "sourdough",
        "name": "Sourdough"
      },
      {
        "cost": -0.25,
        "id": "nobun",
        "name": "No Bun"
      }
    ],
    "size": [
      {
        "cost": 2.5,
        "id": "single",
        "name": "Single"
      },
      {
        "cost": 3.5,
        "id": "double",
        "name": "Double"
      },
      {
        "cost": 4,
        "id": "triple",
        "name": "Triple"
      },
      {
        "cost": 5,
        "id": "bigburger",
        "name": "Big Burger"
      }
    ],
    "toppings": [
      {
        "cost": 0.5,
        "id": "bacon",
        "name": "Bacon"
      },
      {
        "cost": 0.5,
        "id": "cheddar",
        "name": "Cheddar"
      },
      {
        "cost": 0.5,
        "id": "provolone",
        "name": "Provolone"
      },
      {
        "cost": 0,
        "id": "ketchup",
        "name": "Ketchup"
      },
      {
        "cost": 0,
        "id": "mustard",
        "name": "Mustard"
      },
      {
        "cost": 0,
        "id": "mayo",
        "name": "Mayo"
      },
      {
        "cost": 0,
        "id": "relish",
        "name": "Relish"
      },
      {
        "cost": 0,
        "id": "pickles",
        "name": "Pickles"
      },
      {
        "cost": 0,
        "id": "hotpeppers",
        "name": "Hot Peppers"
      }
    ]
  },
  "drinks": [
    {
      "cost": 1,
      "id": "cola",
      "name": "Cola"
    },
    {
      "cost": 1,
      "id": "icedtea",
      "name": "Iced Tea"
    },
    {
      "cost": 1,
      "id": "bottledwater",
      "name": "Bottled Water"
    }
  ],
  "sides": [
    {
      "cost": 1.5,
      "id": "smallfries",
      "name": "Small Fries"
    },
    {
      "cost": 2,
      "id": "largefries",
      "name": "Large Fries"
    },
    {
      "cost": 2,
      "id": "onionrings",
      "name": "Onion Rings"
    },
    {
      "cost": 1.75,
      "id": "fruitcup",
      "name": "Fruit Cup"
    }
  ]
}
